year,station,mean_temperature_c,precipitation_mm
1985,Austin Texas,20.1,842
1986,Austin Texas,19.8,906
1987,Austin Texas,20.4,781
1988,Austin Texas,20.7,724
1989,Austin Texas,20.0,978
1990,Austin Texas,20.5,815
1991,Austin Texas,20.8,862
1992,Austin Texas,20.3,934
1993,Austin Texas,20.6,756
1994,Austin Texas,20.9,801
1995,Austin Texas,20.7,1012
1996,Austin Texas,21.0,768
1997,Austin Texas,21.1,823
1998,Austin Texas,21.4,887
1999,Austin Texas,21.2,795
2000,Austin Texas,21.5,742
2001,Austin Texas,21.6,836
2002,Austin Texas,21.3,719
2003,Austin Texas,21.8,684
2004,Austin Texas,21.4,904
2005,Austin Texas,21.7,847
2006,Austin Texas,21.9,772
2007,Austin Texas,22.0,735
2008,Austin Texas,21.6,963
2009,Austin Texas,22.1,812
2010,Austin Texas,22.2,779
2011,Austin Texas,22.0,621
2012,Austin Texas,22.5,692
2013,Austin Texas,22.3,857
2014,Austin Texas,22.6,813
2015,Austin Texas,22.7,1068
2016,Austin Texas,23.0,744
2017,Austin Texas,22.8,829
2018,Austin Texas,23.1,921
2019,Austin Texas,23.2,1007
2020,Austin Texas,23.4,893
2021,Austin Texas,23.0,988
2022,Austin Texas,23.6,666
2023,Austin Texas,23.8,719
2024,Austin Texas,23.9,773
